label,clients,repeat,rate,principal,constrained,completed,failed,qps,p50_ms,p95_ms,p99_ms,short_p99_ms,peak_rss,peak_container_sampled,container_lifetime_peak,cpu_seconds,spill_bytes,spill_active_after
arrival-25-baseline,32,0,25.0,user,True,96,32,18.600354333290383,86.0930789494887,121.69434304814786,125.68736798129976,14.794655027799308,305557504,285261824,287285248,18.549277,0.0,0.0
arrival-25-baseline,32,1,25.0,user,True,96,32,18.590960876652588,85.92286496423185,125.00985607039183,125.98516594152898,18.078914028592408,304562176,287899648,289239040,18.57466,0.0,0.0
arrival-25-baseline,32,2,25.0,user,True,96,32,18.590739992938342,83.97937100380659,122.9254660429433,127.16512207407504,17.670625005848706,307527680,291311616,294187008,18.475511,0.0,0.0
arrival-25-baseline,32,3,25.0,user,True,96,32,18.60990835024423,84.24789097625762,123.64462099503726,127.56562395952642,17.61694287415594,303153152,287014912,294187008,18.60164,0.0,0.0
arrival-25-baseline,32,4,25.0,user,True,96,32,18.615772510373258,85.50792303867638,121.81387899909168,125.72525010909885,16.03799592703581,303284224,286896128,294187008,18.526446,0.0,0.0
arrival-25-groups,32,0,25.0,user,True,128,0,24.69892185972349,70.07066800724715,147.87381805945188,152.35646604560316,14.552103006280959,320806912,302133248,303968256,22.537653,0.0,0.0
arrival-25-groups,32,1,25.0,user,True,128,0,24.698111710036095,71.20308000594378,150.09783394634724,152.47786103282124,13.49076407495886,324694016,306139136,308736000,22.444987,0.0,0.0
arrival-25-groups,32,2,25.0,user,True,128,0,24.726974240143445,70.61376806814224,150.90852708090097,153.4359591314569,16.814766102470458,333590528,316784640,318357504,22.588669,0.0,0.0
arrival-25-groups,32,3,25.0,user,True,128,0,24.70764204773596,72.89786403998733,147.61653903406113,149.5003130985424,14.043784001842141,328404992,312242176,318357504,22.384128,0.0,0.0
arrival-25-groups,32,4,25.0,user,True,128,0,24.703350048053434,68.19790590088814,149.9217259697616,153.43265200499445,14.474908937700093,315039744,298450944,318357504,22.420032,0.0,0.0
arrival-50-baseline,32,0,50.0,user,True,96,32,26.808728516961406,613.4163690730929,2225.884533021599,2760.059316060506,256.90744805615395,1453789184,1439137792,1468755968,20.215205,0.0,0.0
arrival-50-baseline,32,1,50.0,user,True,96,32,26.677563079846326,673.2193919597194,2429.0794149274006,2649.300124961883,245.26153795886785,1461944320,1448804352,1468755968,20.358152,0.0,0.0
arrival-50-baseline,32,2,50.0,user,True,96,32,26.598964551904487,672.2702129045501,2301.3590718619525,2655.197830987163,218.84401398710907,1418997760,1407021056,1468755968,20.540905,0.0,0.0
arrival-50-baseline,32,3,50.0,user,True,96,32,26.55117682803083,648.94449908752,2327.241759048775,2601.677192025818,316.78910308983177,1404706816,1393577984,1468755968,20.492203,0.0,0.0
arrival-50-baseline,32,4,50.0,user,True,96,32,26.735756919980577,652.4095190688968,2349.916464067064,2628.9731840370223,184.48153499048203,1564143616,1553502208,1561542656,20.410499,0.0,0.0
arrival-50-groups,32,0,50.0,user,True,128,0,30.649271040795632,718.2534879539162,2820.584603934549,3801.7568269278854,828.4931050147861,1454964736,1440534528,1475145728,23.779194,0.0,0.0
arrival-50-groups,32,1,50.0,user,True,128,0,30.791796351998176,867.5622210139409,2590.780026046559,3076.7740031005815,900.822596042417,1441746944,1430081536,1475145728,23.759248,0.0,0.0
arrival-50-groups,32,2,50.0,user,True,128,0,30.755993958664696,818.3904419420287,2900.9967879392207,3567.542362958193,873.9779189927503,1579462656,1568092160,1572286464,23.786716,0.0,0.0
arrival-50-groups,32,3,50.0,user,True,128,0,30.794369464402646,889.9311078712344,2406.978302053176,3373.053280985914,814.6676770411432,1514987520,1504104448,1572286464,23.880016,0.0,0.0
arrival-50-groups,32,4,50.0,user,True,128,0,30.979061409898957,846.5693250764161,2882.076876005158,3450.976407970302,879.370098002255,1532780544,1520803840,1572286464,23.642532,0.0,0.0
confirm-0-baseline-normal,1,0,0.0,user,False,128,0,20.53727078204361,39.09014293458313,99.42922298796475,100.98019998986274,6.681684986688197,378400768,360009728,360796160,23.466889,0.0,0.0
confirm-0-baseline-normal,4,0,0.0,user,False,128,0,30.239348046806075,139.6760200150311,251.2925179908052,279.3328419793397,28.603123035281897,748777472,733868032,740028416,23.046667,0.0,0.0
confirm-0-baseline-normal,8,0,0.0,user,False,128,0,31.821729255140163,288.8803120004013,465.8802920021117,495.55493297521025,33.21268002036959,1248137216,1235353600,1335259136,23.090467,0.0,0.0
confirm-0-baseline-normal,16,0,0.0,user,False,128,0,32.08068394623315,437.03358399216086,1067.8617570083588,1678.1565200071782,49.79871597606689,2425573376,2415374336,2470944768,23.292336,0.0,0.0
confirm-0-baseline-normal,32,0,0.0,user,False,88,40,32.37042828919384,526.580163044855,2652.0543050719425,2693.615769036114,254.7697430709377,3684007936,3676708864,3752853504,15.790737,0.0,0.0
confirm-0-baseline-tight,1,0,0.0,user,True,96,32,16.7957192727891,59.67284890357405,109.930370002985,111.96495406329632,6.214813096448779,238063616,218042368,224649216,18.380225,0.0,0.0
confirm-0-baseline-tight,4,0,0.0,user,True,96,32,25.40794081960236,208.71234498918056,245.94533198978752,253.5893499152735,16.43094897735864,486002688,468402176,476270592,19.863842,0.0,0.0
confirm-0-baseline-tight,8,0,0.0,user,True,96,32,26.816330364500345,387.0137761114165,490.7197280554101,557.0396350231022,27.271580998785794,645722112,630595584,667389952,20.18136,0.0,0.0
confirm-0-baseline-tight,16,0,0.0,user,True,96,32,27.057671897212185,622.7694519329816,1209.9122690269724,1375.0526350922883,52.67249699681997,971870208,958488576,967217152,20.46093,0.0,0.0
confirm-0-baseline-tight,32,0,0.0,user,True,96,32,26.96634503771411,800.2132279798388,3150.2986169653013,3545.894685899839,322.429702966474,1561608192,1549717504,1595875328,20.529131,0.0,0.0
confirm-0-groups-normal,1,0,0.0,user,False,128,0,20.911944661784183,37.8985790302977,96.9767039641738,98.79418404307216,6.522184005007148,384712704,365932544,367243264,22.933945,0.0,0.0
confirm-0-groups-normal,4,0,0.0,user,False,128,0,30.68285083674697,136.82594802230597,244.5811489596963,260.21037600003183,22.740497021004558,731803648,716296192,746401792,22.913049,0.0,0.0
confirm-0-groups-normal,8,0,0.0,user,False,128,0,32.135383309004936,280.1884689833969,459.1317190788686,478.3714320510626,32.38460794091225,1361518592,1348325376,1425149952,22.804824,0.0,0.0
confirm-0-groups-normal,16,0,0.0,user,False,128,0,32.33281246974055,457.80370000284165,1186.2181599717587,1592.986693023704,55.10208895429969,2414878720,2403614720,2405187584,23.054381,0.0,0.0
confirm-0-groups-normal,32,0,0.0,user,False,128,0,32.40764686173384,576.1865630047396,3820.1444689184427,3897.98443892505,244.73611009307206,3674759168,3667927040,3713630208,23.1616,0.0,0.0
confirm-0-groups-tight,1,0,0.0,user,True,128,0,19.149207382164576,38.86647603940219,106.49157001171261,108.68979303631932,6.689648027531803,231190528,211841024,217784320,21.59316,0.0,0.0
confirm-0-groups-tight,4,0,0.0,user,True,128,0,28.944831827029848,98.17999601364136,258.35163600277156,277.65099599491805,21.401782985776663,479465472,462462976,470130688,23.343473,0.0,0.0
confirm-0-groups-tight,8,0,0.0,user,True,128,0,30.475548174836437,242.55812400951982,533.2366588991135,560.1991140283644,29.79607996530831,638128128,622940160,668684288,23.639655,0.0,0.0
confirm-0-groups-tight,16,0,0.0,user,True,128,0,30.995221196396404,461.50529105216265,1233.1625280203298,1410.943481954746,40.318979998119175,1011130368,997912576,1002930176,23.802069,0.0,0.0
confirm-0-groups-tight,32,0,0.0,user,True,128,0,30.942510307192325,583.9976069983095,2864.2331949668005,4038.176201051101,285.25325399823487,1505308672,1493237760,1547739136,23.770107,0.0,0.0
confirm-1-baseline-normal,1,0,0.0,user,False,128,0,20.614643574899517,38.708084961399436,99.55526294652373,101.17503709625453,6.608682917430997,387055616,368328704,368328704,23.3682,0.0,0.0
confirm-1-baseline-normal,4,0,0.0,user,False,128,0,30.30904143837493,140.35993698053062,248.29738901462406,274.84700200147927,21.717177936807275,744419328,728072192,738865152,23.207221,0.0,0.0
confirm-1-baseline-normal,8,0,0.0,user,False,128,0,31.601307624459725,268.73736293055117,486.58302903641015,538.9404370216653,33.987149014137685,1450278912,1437024256,1456685056,23.344585,0.0,0.0
confirm-1-baseline-normal,16,0,0.0,user,False,128,0,31.98392742908522,481.3329561147839,1165.1494590332732,1348.6516029806808,49.202649970538914,2725818368,2715156480,2715156480,23.210454,0.0,0.0
confirm-1-baseline-normal,32,0,0.0,user,False,82,46,31.593637493953185,520.2879270073026,2469.560874043964,2575.374127016403,115.35726499278098,3781173248,3773444096,3798282240,15.185263,0.0,0.0
confirm-1-baseline-tight,1,0,0.0,user,True,96,32,16.81427509504993,59.98107697814703,109.42916199564934,111.93550797179341,6.34565600194037,228880384,209895424,215314432,18.293913,0.0,0.0
confirm-1-baseline-tight,4,0,0.0,user,True,96,32,24.960537572304336,212.36674301326275,256.14478695206344,276.01472300011665,18.579632975161076,467648512,450166784,460419072,20.023883,0.0,0.0
confirm-1-baseline-tight,8,0,0.0,user,True,96,32,26.583004965199542,385.6521750567481,494.46008494123816,513.7570520164445,28.36289000697434,684195840,669093888,673439744,20.192828,0.0,0.0
confirm-1-baseline-tight,16,0,0.0,user,True,96,32,27.125671027140754,662.8098640358075,1168.7626549974084,1662.5090970192105,52.84538201522082,1057730560,1044217856,1056817152,20.335121,0.0,0.0
confirm-1-baseline-tight,32,0,0.0,user,True,96,32,26.930494563313168,904.5676640234888,3161.179629038088,3353.8507899502292,292.00961196329445,1596223488,1584693248,1587838976,20.37435,0.0,0.0
confirm-1-groups-normal,1,0,0.0,user,False,128,0,20.834074035039166,39.067923091351986,97.37007296644151,99.40329403616488,6.851607002317905,374542336,355217408,364249088,23.00739,0.0,0.0
confirm-1-groups-normal,4,0,0.0,user,False,128,0,30.568661009927997,137.9380599828437,245.3006609575823,262.4658429995179,23.795042070560157,760602624,745459712,766779392,22.898731,0.0,0.0
confirm-1-groups-normal,8,0,0.0,user,False,128,0,32.09269843566668,284.47584400419146,431.4858689904213,465.2576129883528,32.640262972563505,1419051008,1406332928,1437138944,22.897608,0.0,0.0
confirm-1-groups-normal,16,0,0.0,user,False,128,0,32.382165550048796,430.2052789134905,1151.5806639799848,1480.8698770357296,60.433299047872424,2431209472,2421030912,2421030912,22.970716,0.0,0.0
confirm-1-groups-normal,32,0,0.0,user,False,128,0,32.348342806957405,666.7098089819774,3815.8025349257514,3946.3400839595124,349.1777559975162,3885039616,3879104512,3978276864,23.105494,0.0,0.0
confirm-1-groups-tight,1,0,0.0,user,True,128,0,19.102891749970716,39.056701003573835,107.00761002954096,109.88335101865232,6.72152207698673,233000960,213397504,217853952,21.590852,0.0,0.0
confirm-1-groups-tight,4,0,0.0,user,True,128,0,28.73829310152552,97.25500701460987,263.1129689980298,286.83840995654464,22.32959505636245,458891264,443076608,463400960,23.38361,0.0,0.0
confirm-1-groups-tight,8,0,0.0,user,True,128,0,30.594005785392305,201.5012769261375,514.0978810377419,533.8582149706781,33.945707022212446,645824512,630984704,648626176,23.598588,0.0,0.0
confirm-1-groups-tight,16,0,0.0,user,True,128,0,30.891618244667367,384.323013946414,1263.5942989727482,1431.9811220047995,62.68645590171218,1003184128,989880320,1010286592,23.820845,0.0,0.0
confirm-1-groups-tight,32,0,0.0,user,True,128,0,30.713402072842992,715.9597110003233,2796.1544670397416,3871.517014107667,270.9730309434235,1512505344,1507381248,1526759424,23.910102,0.0,0.0
confirm-2-baseline-normal,1,0,0.0,user,False,128,0,20.639890418064827,39.51004799455404,99.51080300379544,100.54245009087026,6.8339729914441705,382226432,364482560,364482560,23.301194,0.0,0.0
confirm-2-baseline-normal,4,0,0.0,user,False,128,0,30.037852930293365,142.6446249242872,254.84459102153778,278.44084496609867,21.487687015905976,776794112,762032128,764129280,23.115619,0.0,0.0
confirm-2-baseline-normal,8,0,0.0,user,False,128,0,31.8140814119086,263.7609320227057,480.52459792234004,529.8785940976813,34.540657070465386,1388376064,1375641600,1464389632,23.227784,0.0,0.0
confirm-2-baseline-normal,16,0,0.0,user,False,128,0,32.123618711438546,457.17133895959705,1126.4324110234156,1302.915567997843,50.01933500170708,2196176896,2186129408,2261528576,23.247374,0.0,0.0
confirm-2-baseline-normal,32,0,0.0,user,False,88,40,30.179738609519315,576.6377699328586,2849.4742249604315,2898.4263609163463,155.5776740424335,4076535808,4071055360,4072366080,17.057556,0.0,0.0
confirm-2-baseline-tight,1,0,0.0,user,True,96,32,16.85998336484881,59.47528104297817,108.70896000415087,111.83198797516525,6.576651008799672,243769344,223776768,231362560,18.304953,0.0,0.0
confirm-2-baseline-tight,4,0,0.0,user,True,96,32,25.24817162370477,209.50073399581015,250.35525008570403,268.67136801593006,16.647911979816854,478429184,461512704,470372352,20.044338,0.0,0.0
confirm-2-baseline-tight,8,0,0.0,user,True,96,32,26.583314043236157,377.5782739976421,499.5345609495416,563.7649480486289,30.770063982345164,663633920,648470528,666476544,20.380922,0.0,0.0
confirm-2-baseline-tight,16,0,0.0,user,True,96,32,27.00188579303759,656.4316130243242,1096.1643389891833,1504.3467059731483,57.36703099682927,1010114560,996540416,1007017984,20.448754,0.0,0.0
confirm-2-baseline-tight,32,0,0.0,user,True,96,32,27.053168857781273,774.9579870142043,3420.436048065312,3497.0950979040936,327.9353549005464,1592795136,1580990464,1619410944,20.365309,0.0,0.0
confirm-2-groups-normal,1,0,0.0,user,False,128,0,20.868968397901515,38.46960689406842,98.17719203419983,99.31161801796407,6.7761840764433146,389365760,371630080,377135104,23.000204,0.0,0.0
confirm-2-groups-normal,4,0,0.0,user,False,128,0,30.662168765253668,140.16646705567837,243.46757598686963,259.7099320264533,24.524220963940024,714776576,699641856,747474944,22.806721,0.0,0.0
confirm-2-groups-normal,8,0,0.0,user,False,128,0,32.04407920201885,272.7995819877833,497.3789210198447,570.8998870104551,29.48387200012803,1329397760,1316347904,1361444864,22.951682,0.0,0.0
confirm-2-groups-normal,16,0,0.0,user,False,128,0,32.46630041329054,495.77465502079576,1017.3427899135277,1129.5823219697922,67.16795708052814,2692993024,2683387904,2686795776,23.114987,0.0,0.0
confirm-2-groups-normal,32,0,0.0,user,False,128,0,32.42988626772135,619.5455150445923,3423.8293149974197,3924.1466149687767,306.6591400420293,4515328000,4510818304,4551712768,23.048281,0.0,0.0
confirm-2-groups-tight,1,0,0.0,user,True,128,0,19.181038429249305,38.90257002785802,106.70313192531466,109.32970698922873,6.621189997531474,239927296,220897280,222478336,21.658015,0.0,0.0
confirm-2-groups-tight,4,0,0.0,user,True,128,0,28.867709836954614,103.33100508432835,257.67222698777914,265.8127489266917,17.175576998852193,467922944,450809856,452452352,23.51268,0.0,0.0
confirm-2-groups-tight,8,0,0.0,user,True,128,0,30.4187892285464,219.98285490553826,525.0370429130271,579.5322719495744,30.55407991632819,656334848,641622016,666828800,23.846622,0.0,0.0
confirm-2-groups-tight,16,0,0.0,user,True,128,0,31.194366287075404,429.4981600251049,1202.176921069622,1376.7413549358025,51.90335004590452,1014960128,1001635840,1004158976,23.701056,0.0,0.0
confirm-2-groups-tight,32,0,0.0,user,True,128,0,30.95466494209432,696.599846938625,2649.3297750130296,3834.546742029488,206.29103598184884,1610817536,1599463424,1612644352,23.754305,0.0,0.0
confirm-3-baseline-normal,1,0,0.0,user,False,128,0,20.46073403527953,39.792005089111626,100.13217700179666,101.19140695314854,6.688690045848489,378040320,357994496,368291840,23.486101,0.0,0.0
confirm-3-baseline-normal,4,0,0.0,user,False,128,0,30.22291940442911,137.79007096309215,261.8469059234485,298.9493430359289,22.50900596845895,794394624,778870784,780259328,23.19516,0.0,0.0
confirm-3-baseline-normal,8,0,0.0,user,False,128,0,31.732331217220697,277.2315719630569,460.11147799436003,496.51814601384103,28.31396192777902,1308921856,1295224832,1430552576,23.051574,0.0,0.0
confirm-3-baseline-normal,16,0,0.0,user,False,128,0,32.25818896411875,487.91908600833267,1144.5577590493485,1462.0509040541947,56.61587102804333,2706444288,2696585216,2697109504,23.14853,0.0,0.0
confirm-3-baseline-normal,32,0,0.0,user,False,96,32,32.84766927412884,583.8716049911454,2846.5606439858675,2908.5898459888995,312.91466706898063,3844382720,3837386752,3888652288,17.0272,0.0,0.0
confirm-3-baseline-tight,1,0,0.0,user,True,96,32,16.831174873889843,59.398045064881444,110.07648706436157,110.78962997999042,6.114306044764817,246702080,227434496,231116800,18.311288,0.0,0.0
confirm-3-baseline-tight,4,0,0.0,user,True,96,32,25.038924684892205,210.41006909217685,251.74934195820242,261.3813249627128,19.254390965215862,477409280,460230656,460918784,20.03557,0.0,0.0
confirm-3-baseline-tight,8,0,0.0,user,True,96,32,26.506539168438433,371.2094631046057,523.12054799404,547.7493980433792,29.47715693153441,684937216,670838784,672493568,20.482025,0.0,0.0
confirm-3-baseline-tight,16,0,0.0,user,True,96,32,27.0217786173123,627.5541209615767,1152.2755490150303,1393.1085800286382,55.06765597965568,995221504,981471232,1017413632,20.301767,0.0,0.0
confirm-3-baseline-tight,32,0,0.0,user,True,96,32,27.11854268009986,754.2844410054386,3471.5505950152874,3533.524430007674,251.53653509914875,1527885824,1515737088,1527873536,20.390601,0.0,0.0
confirm-3-groups-normal,1,0,0.0,user,False,128,0,20.85835258411498,38.73794397804886,97.8009010432288,98.7007049843669,6.922094034962356,402677760,384344064,387166208,22.926808,0.0,0.0
confirm-3-groups-normal,4,0,0.0,user,False,128,0,30.745206893263926,135.5951059376821,247.2731419838965,257.3406599694863,24.3548930156976,724672512,710111232,726056960,22.806233,0.0,0.0
confirm-3-groups-normal,8,0,0.0,user,False,128,0,32.193133545767665,276.9960860023275,456.76627091597766,577.9786460334435,28.536960016936064,1460957184,1447768064,1499955200,22.84315,0.0,0.0
confirm-3-groups-normal,16,0,0.0,user,False,128,0,32.59831338780855,442.6468759775162,1066.132646985352,1167.9823249578476,52.57484607864171,2393133056,2382622720,2430824448,22.954097,0.0,0.0
confirm-3-groups-normal,32,0,0.0,user,False,128,0,32.4681226733462,589.2474090214819,3780.283753061667,3889.3017950467765,393.845463055186,3690504192,3683610624,3774763008,23.130502,0.0,0.0
confirm-3-groups-tight,1,0,0.0,user,True,128,0,19.162266520269764,38.29599393066019,107.03957709483802,108.40367898344994,6.743911071680486,231014400,211243008,215961600,21.577129,0.0,0.0
confirm-3-groups-tight,4,0,0.0,user,True,128,0,28.790938786251324,92.11612702347338,257.13546201586723,273.44666002318263,20.702771027572453,471646208,455667712,461869056,23.344085,0.0,0.0
confirm-3-groups-tight,8,0,0.0,user,True,128,0,30.651894602449232,215.3897270327434,520.0444230576977,555.9607100440189,30.293588992208242,652369920,637333504,650874880,23.624393,0.0,0.0
confirm-3-groups-tight,16,0,0.0,user,True,128,0,30.975871538563073,459.14354105480015,1211.3582199672237,1385.346447932534,59.38397208228707,989241344,976797696,1024327680,23.681299,0.0,0.0
confirm-3-groups-tight,32,0,0.0,user,True,128,0,30.893717069020735,704.8991150222719,3039.1642140457407,4117.005540989339,227.48474101535976,1595293696,1583239168,1600524288,23.77142,0.0,0.0
confirm-4-baseline-normal,1,0,0.0,user,False,128,0,20.51337599774608,40.167944971472025,99.70862197224051,102.28201607242227,6.891525932587683,394326016,374345728,375656448,23.395702,0.0,0.0
confirm-4-baseline-normal,4,0,0.0,user,False,128,0,30.25262260837624,148.5253470018506,251.5449320198968,260.42346900794655,23.606171016581357,786743296,772280320,784076800,23.177521,0.0,0.0
confirm-4-baseline-normal,8,0,0.0,user,False,128,0,31.80703145541121,270.08441102225333,454.6416240045801,561.0329949995503,26.662469026632607,1261142016,1247821824,1335607296,23.024619,0.0,0.0
confirm-4-baseline-normal,16,0,0.0,user,False,128,0,31.958594197973362,431.02653592359275,1334.5430470071733,1670.0894439127296,64.53666603192687,2454474752,2444963840,2550788096,23.26966,0.0,0.0
confirm-4-baseline-normal,32,0,0.0,user,False,126,2,32.06789877356259,590.4027589131147,3698.9033179124817,3879.339478095062,207.23708509467542,3430932480,3423342592,3474661376,22.688967,0.0,0.0
confirm-4-baseline-tight,1,0,0.0,user,True,96,32,16.795365340638686,59.877695981413126,109.28364004939795,112.01494699344039,5.943412077613175,237940736,217698304,226566144,18.246814,0.0,0.0
confirm-4-baseline-tight,4,0,0.0,user,True,96,32,25.207208167865527,204.86009598243982,256.7938179709017,263.30726500600576,19.009196083061397,472674304,456056832,458133504,20.028654,0.0,0.0
confirm-4-baseline-tight,8,0,0.0,user,True,96,32,26.615044046232732,393.4886370552704,496.84232205618173,529.1750259930268,31.489362940192223,659210240,643710976,661274624,20.271866,0.0,0.0
confirm-4-baseline-tight,16,0,0.0,user,True,96,32,27.08269779184281,607.0298639824614,1204.1090909624472,1460.764164919965,47.16025397647172,1028931584,1015308288,1020747776,20.388282,0.0,0.0
confirm-4-baseline-tight,32,0,0.0,user,True,96,32,26.957922147319806,827.2077299188823,3388.8643929967657,3539.6722690202296,197.2311969147995,1526394880,1514250240,1515036672,20.383621,0.0,0.0
confirm-4-groups-normal,1,0,0.0,user,False,128,0,20.81436452289297,39.96561001986265,97.42208092939109,100.89066298678517,6.770066916942596,390180864,370651136,383082496,23.010854,0.0,0.0
confirm-4-groups-normal,4,0,0.0,user,False,128,0,30.47958080023568,144.37660295516253,237.00659396126866,254.90680895745754,26.670565945096314,812654592,797491200,800899072,22.888862,0.0,0.0
confirm-4-groups-normal,8,0,0.0,user,False,128,0,32.221278826576246,270.17423894722015,459.2607949161902,486.0958009958267,28.123133000917733,1362649088,1349754880,1405329408,22.9186,0.0,0.0
confirm-4-groups-normal,16,0,0.0,user,False,128,0,32.40965676552425,445.3750009415671,1071.9493660144508,1512.5407320447266,59.79627906344831,2925572096,2916327424,3099828224,23.053284,0.0,0.0
confirm-4-groups-normal,32,0,0.0,user,False,128,0,32.36948901756111,659.1210920596495,3806.116787949577,3928.553087054752,385.3937890380621,4150267904,4145938432,4166385664,23.010079,0.0,0.0
confirm-4-groups-tight,1,0,0.0,user,True,128,0,19.09814216822043,38.91951800324023,107.82024101354182,109.37064804602414,6.674489006400108,232984576,214147072,215080960,21.579954,0.0,0.0
confirm-4-groups-tight,4,0,0.0,user,True,128,0,28.741741966010263,93.11379608698189,262.47380196582526,283.84257305879146,18.709461903199553,468631552,453509120,458756096,23.454484,0.0,0.0
confirm-4-groups-tight,8,0,0.0,user,True,128,0,30.437899989309397,211.96232095826417,505.5186589015648,562.361437943764,31.39558294788003,645091328,630112256,643760128,23.57712,0.0,0.0
confirm-4-groups-tight,16,0,0.0,user,True,128,0,30.910108454847464,504.9489629454911,1178.1155780190602,1219.0457349643111,74.86556598450989,1014394880,1000792064,1001840640,23.741943,0.0,0.0
confirm-4-groups-tight,32,0,0.0,user,True,128,0,30.918648475771384,666.6694820160046,3703.3773589646444,4107.032765983604,232.6669089961797,1594023936,1582473216,1637048320,23.836095,0.0,0.0
key-baseline,1,0,0.0,api-key,False,128,0,20.707974555504254,40.49412894528359,98.86907204054296,100.11287091765553,6.370197981595993,385089536,365748224,366796800,23.299782,0.0,0.0
key-baseline,8,0,0.0,api-key,False,128,0,31.74702025749027,276.81540802586824,467.2090280801058,512.0778960408643,34.974019043147564,1349345280,1332490240,1332498432,22.904414,0.0,0.0
key-baseline,32,0,0.0,api-key,False,87,41,31.49826794452389,520.2716289786622,2659.1219189576805,2713.754983036779,209.39708990044892,3834130432,3825618944,3841200128,16.012024,0.0,0.0
key-fixed8,1,0,0.0,api-key,False,128,0,20.787944892418196,38.490960956551135,98.38187496643513,100.53286200854927,6.424310966394842,385708032,365441024,367104000,23.21181,0.0,0.0
key-fixed8,8,0,0.0,api-key,False,128,0,31.51648249279179,274.5417580008507,461.9190050289035,525.7640779018402,29.25120305735618,1300193280,1283579904,1427169280,23.088577,0.0,0.0
key-fixed8,32,0,0.0,api-key,False,119,9,30.62047511625844,717.3907349351794,1568.5788709670305,2005.8422590373084,1748.2806079788134,1481723904,1467875328,1525112832,22.291691,0.0,0.0
key-groups-reserve8,1,0,0.0,api-key,False,128,0,20.891134652035134,38.40612107887864,97.087218076922,98.79248403012753,6.717948941513896,389758976,370315264,371625984,22.788718,0.0,0.0
key-groups-reserve8,8,0,0.0,api-key,False,128,0,32.0153565258789,268.49941397085786,475.7424540584907,567.335139028728,30.09194601327181,1292881920,1276948480,1355091968,22.852275,0.0,0.0
key-groups-reserve8,32,0,0.0,api-key,False,124,4,31.803751606259862,781.5770489396527,1778.818917926401,2114.142392994836,1650.1257619820535,1628766208,1617256448,1638002688,22.507873,0.0,0.0
key-reserve8,1,0,0.0,api-key,False,128,0,21.025198149606194,37.19129995442927,97.09088096860796,99.4057240895927,8.162376005202532,389488640,369577984,369577984,22.936067,0.0,0.0
key-reserve8,8,0,0.0,api-key,False,128,0,31.936689449805915,267.0280459569767,493.1999109685421,609.4636719208211,38.02672401070595,1381117952,1366806528,1480499200,22.969153,0.0,0.0
key-reserve8,32,0,0.0,api-key,False,120,8,31.68377309864685,675.2753219334409,1659.301016945392,1953.8020229665563,1360.129545093514,1386700800,1373188096,1480499200,21.696338,0.0,0.0
screen-baseline,1,0,0.0,user,False,128,0,20.407203820786595,38.9052729588002,99.29398796521127,102.64084103982896,6.982564926147461,392900608,374591488,376668160,23.351631,0.0,0.0
screen-baseline,8,0,0.0,user,False,128,0,31.717848801326475,268.57940305490047,490.6344610499218,631.0639559524134,25.83548706024885,1385537536,1372508160,1388994560,22.918513,0.0,0.0
screen-baseline,32,0,0.0,user,False,98,30,29.81172755804807,598.8574340008199,3167.1358780004084,3242.640872951597,175.04352296236902,3915628544,3910037504,3933126656,19.059956,0.0,0.0
screen-cap32,1,0,0.0,user,False,128,0,15.041274059366051,50.26887101121247,149.06489208806306,150.54275293368846,6.710843998007476,366510080,348516352,350138368,22.910704,0.0,0.0
screen-cap32,8,0,0.0,user,False,128,0,32.71127457598116,269.1347219515592,476.47668002173305,519.7437179740518,28.456065920181572,1279610880,1266802688,1344659456,22.582552,0.0,0.0
screen-cap32,32,0,0.0,user,False,80,48,32.41257496127015,577.5450529763475,2412.4492480186746,2444.41034598276,173.87711396440864,3769933824,3763568640,3763625984,14.380719,0.0,0.0
screen-demand512,1,0,0.0,user,False,128,0,20.584632781721123,37.976377992890775,99.6753660729155,101.11302102450281,6.5968300914391875,381669376,363413504,364462080,23.307319,0.0,0.0
screen-demand512,8,0,0.0,user,False,128,0,31.63294988150801,272.57304498925805,439.46408201009035,502.77741090394557,39.43901602178812,1418944512,1406177280,1470926848,23.104692,0.0,0.0
screen-demand512,32,0,0.0,user,False,126,2,31.913003532027766,796.598840970546,1903.5405199974775,2425.816628965549,1378.376797074452,2127491072,2117455872,2117980160,22.850278,0.0,0.0
screen-fair,1,0,0.0,user,False,128,0,20.652655482614353,38.2737050531432,100.06815998349339,101.62517009302974,6.71232002787292,381095936,361164800,363786240,23.268978,0.0,0.0
screen-fair,8,0,0.0,user,False,128,0,31.864524635567665,268.1420489680022,474.4793879799545,563.4300040546805,28.92534399870783,1304150016,1290866688,1325584384,22.88588,0.0,0.0
screen-fair,32,0,0.0,user,False,39,89,29.570681987488683,973.7897779559717,1300.1016980269924,1316.355435992591,85.9133240301162,3539234816,3530997760,3697000448,7.596383,0.0,0.0
screen-fair32,1,0,0.0,user,False,128,0,15.165267943882208,47.70883801393211,148.54245202150196,149.40803300123662,6.720331963151693,369971200,352374784,358957056,22.742125,0.0,0.0
screen-fair32,8,0,0.0,user,False,128,0,32.6233434976291,255.86793303955346,465.36920708604157,512.0270629413426,25.74452303815633,1191067648,1178005504,1191194624,22.509474,0.0,0.0
screen-fair32,32,0,0.0,user,False,65,63,30.57723087136069,779.6381409280002,2100.9780059102923,2108.213939005509,136.57936395611614,4531597312,4526743552,4526743552,12.328135,0.0,0.0
screen-fixed8,1,0,0.0,user,False,128,0,20.605093469614317,38.39368396438658,99.11296598147601,100.80587503034621,6.749819032847881,371761152,352350208,363151360,23.360855,0.0,0.0
screen-fixed8,8,0,0.0,user,False,128,0,31.311944122287983,283.3578389836475,499.60335495416075,538.6776679661125,32.34553011134267,1340342272,1326841856,1326841856,23.130926,0.0,0.0
screen-fixed8,32,0,0.0,user,False,121,7,30.879147003232735,706.6324510378763,1758.2921760622412,1854.689700063318,1564.2463570693508,1692696576,1681559552,1683394560,22.587899,0.0,0.0
screen-groups-fixed8,1,0,0.0,user,False,128,0,20.87755163409059,38.96168794017285,97.91498503182083,99.98547402210534,6.656614015810192,388161536,368091136,368345088,23.02704,0.0,0.0
screen-groups-fixed8,8,0,0.0,user,False,128,0,31.95215016928506,263.96988600026816,456.8495659623295,505.64322900027037,35.9015460126102,1645883392,1631698944,1637203968,22.910729,0.0,0.0
screen-groups-fixed8,32,0,0.0,user,False,121,7,31.934338093833652,719.4355740211904,1722.1226779511198,1860.7582990080118,1417.1224189922214,1612828672,1601847296,1652068352,21.614389,0.0,0.0
screen-groups-reserve8,1,0,0.0,user,False,128,0,20.771656493848806,43.54617593344301,96.57604398671538,100.14838096685708,7.429217919707298,394170368,375042048,375304192,23.072587,0.0,0.0
screen-groups-reserve8,8,0,0.0,user,False,128,0,32.06801521770504,270.4664010088891,492.3108119983226,539.4311849959195,32.80141099821776,1488449536,1473683456,1474899968,22.706293,0.0,0.0
screen-groups-reserve8,32,0,0.0,user,False,121,7,30.993375189485164,716.2659639725462,1854.309819987975,2138.1553090177476,1646.7905909521505,1817133056,1805877248,1853952000,22.315794,0.0,0.0
screen-groups,1,0,0.0,user,False,128,0,20.58291232533252,39.257220923900604,98.37491600774229,99.58880196791142,6.767262006178498,376102912,357662720,372981760,23.004591,0.0,0.0
screen-groups,8,0,0.0,user,False,128,0,31.840681212143593,270.42044699192047,479.8079739557579,624.2696259869263,39.45940197445452,1654964224,1642807296,1708236800,22.697368,0.0,0.0
screen-groups,32,0,0.0,user,False,128,0,32.32199775395546,754.235373926349,2851.819884032011,3812.7262360649183,185.6596120633185,4349952000,4346142720,4359512064,23.022764,0.0,0.0
screen-pull32,1,0,0.0,user,False,128,0,14.9628804888613,56.42432300373912,151.2696830322966,152.5396549841389,6.573652965016663,400449536,380932096,380932096,22.769332,0.0,0.0
screen-pull32,8,0,0.0,user,False,128,0,32.78654327962476,258.82907293271273,455.285846022889,523.7109959125519,25.009999983012676,1400512512,1385189376,1436192768,22.520983,0.0,0.0
screen-pull32,32,0,0.0,user,False,128,0,32.67001209363341,627.1254220046103,3580.9552499558777,3888.8329881010577,332.7548060333356,4884033536,4878860288,4907782144,23.008669,0.0,0.0
screen-reserve8,1,0,0.0,user,False,128,0,20.553652692734488,39.035815047100186,98.94371195696294,103.35180500987917,6.7808220628649,378961920,360878080,360878080,23.18103,0.0,0.0
screen-reserve8,8,0,0.0,user,False,128,0,31.65115127368262,271.0369990672916,477.0324709825218,520.9312620572746,30.734895961359143,1477689344,1469366272,1481142272,22.907627,0.0,0.0
screen-reserve8,32,0,0.0,user,False,121,7,31.440666685393133,694.9666800210252,1920.3289669239894,2159.350265050307,1525.80348495394,1497960448,1486761984,1630109696,22.063033,0.0,0.0
screen2-baseline-tight,1,0,0.0,user,True,96,32,16.8535568055464,59.94539300445467,109.1347710462287,111.30027391482145,5.936205969192088,237932544,217440256,228012032,18.190639,0.0,0.0
screen2-baseline-tight,8,0,0.0,user,True,96,32,26.197994643142554,387.9442020552233,507.7383399475366,543.0970779852942,32.10371499881148,637943808,622268416,634548224,20.388534,0.0,0.0
screen2-baseline-tight,32,0,0.0,user,True,96,32,26.89943735425934,826.6112429555506,3162.644300959073,3468.394896015525,207.12447410915047,1626656768,1615798272,1620779008,20.538549,0.0,0.0
screen2-cap32-tight,1,0,0.0,user,True,96,32,12.471312868975561,70.61177399009466,155.34286003094167,157.0223020389676,6.074272096157074,209772544,189685760,195297280,17.437614,0.0,0.0
screen2-cap32-tight,8,0,0.0,user,True,96,32,27.20616327399016,388.7019220273942,482.88115998730063,510.4778470704332,24.164336966350675,611176448,595152896,601452544,19.582342,0.0,0.0
screen2-cap32-tight,32,0,0.0,user,True,96,32,27.835311240046412,945.315372897312,2711.3806470297277,3216.2090219790116,177.62649792712182,1476444160,1464594432,1488543744,19.865571,0.0,0.0
screen2-demand512-tight,1,0,0.0,user,True,96,32,16.965564917262963,59.75201795808971,107.42720996495336,109.7843220923096,5.918774986639619,237608960,217853952,217853952,17.897434,0.0,0.0
screen2-demand512-tight,8,0,0.0,user,True,96,32,22.702870774389137,250.2848629374057,546.1357950698584,878.3474019728601,546.1357950698584,407166976,389636096,403791872,19.179484,0.0,0.0
screen2-demand512-tight,32,0,0.0,user,True,87,41,23.114473845205175,522.3294299794361,1714.4380679819733,1944.4315619766712,1714.4380679819733,425431040,411086848,411684864,17.297529,0.0,0.0
screen2-fair-tight,1,0,0.0,user,True,96,32,16.983112870350418,59.71482000313699,107.55703703034669,109.58098096307367,5.982907023280859,233857024,213594112,215355392,17.899982,0.0,0.0
screen2-fair-tight,8,0,0.0,user,True,96,32,26.870871150432095,372.4928150186315,480.8694950770587,565.283442963846,22.962015005759895,606683136,589316096,632754176,19.764209,0.0,0.0
screen2-fair-tight,32,0,0.0,user,True,96,32,27.887595910813815,856.9621470523998,2689.934149966575,3423.943411093205,176.74930300563574,1425985536,1414299648,1424261120,19.85058,0.0,0.0
screen2-fair32-tight,1,0,0.0,user,True,96,32,12.48952697059749,70.40642108768225,155.89406504295766,156.7995819495991,5.691632977686822,210051072,190074880,191143936,17.379203,0.0,0.0
screen2-fair32-tight,8,0,0.0,user,True,96,32,27.4348279729898,373.32758703269064,494.03044197242707,513.5484229540452,18.761449959129095,621600768,604196864,610787328,19.576505,0.0,0.0
screen2-fair32-tight,32,0,0.0,user,True,96,32,27.76818410323809,788.9895400730893,3318.070131004788,3414.8754850029945,343.73653295915574,1316184064,1304395776,1354838016,19.777904,0.0,0.0
screen2-fixed8-tight,1,0,0.0,user,True,96,32,16.831548902476154,59.294288977980614,109.36215601395816,112.5757620902732,6.104412022978067,236396544,216805376,223993856,18.227937,0.0,0.0
screen2-fixed8-tight,8,0,0.0,user,True,96,32,26.44983801419512,384.8423740128055,514.5629270700738,552.1913260454312,37.57484001107514,668270592,650768384,660631552,20.128546,0.0,0.0
screen2-fixed8-tight,32,0,0.0,user,True,93,35,26.4170527420057,718.3939489768818,1771.3331949198619,2018.891024054028,1592.5990110263228,687591424,673939456,697737216,19.726975,0.0,0.0
screen2-groups-fixed8-tight,1,0,0.0,user,True,128,0,19.091792068068635,39.05934700742364,107.38605097867548,109.15619204752147,6.59645302221179,237916160,218886144,218886144,21.728594,0.0,0.0
screen2-groups-fixed8-tight,8,0,0.0,user,True,128,0,29.840158461788278,170.93424301128834,522.7063130587339,569.957920932211,28.700370923615992,653565952,638640128,643883008,23.792267,0.0,0.0
screen2-groups-fixed8-tight,32,0,0.0,user,True,123,5,30.31331132543912,826.8035660730675,1853.212657966651,2029.8008989775553,1591.0958020249382,729075712,714141696,746442752,22.887573,0.0,0.0
screen2-groups-reserve8-tight,1,0,0.0,user,True,128,0,19.107963606081313,38.45853102393448,106.91640700679272,108.55015506967902,7.073262007907033,238202880,219308032,222638080,21.689856,0.0,0.0
screen2-groups-reserve8-tight,8,0,0.0,user,True,128,0,30.127845929968075,223.79539697431028,563.7836289824918,603.9783220039681,30.390046071261168,611778560,596480000,620322816,23.487544,0.0,0.0
screen2-groups-reserve8-tight,32,0,0.0,user,True,120,8,30.331760706900774,691.1417980445549,1841.494171996601,2183.477078913711,1539.8974660784006,706334720,692674560,739442688,22.191632,0.0,0.0
screen2-groups-tight,1,0,0.0,user,True,128,0,19.120652582400727,38.61916600726545,107.56844899151474,108.90313598793,6.90988905262202,240775168,222023680,228098048,21.634663,0.0,0.0
screen2-groups-tight,8,0,0.0,user,True,128,0,30.4131039297904,194.8445929447189,507.40788597613573,570.7176830619574,27.029804070480168,625315840,610295808,639873024,23.429986,0.0,0.0
screen2-groups-tight,32,0,0.0,user,True,128,0,30.92562730823792,725.1055790111423,3852.560488972813,4069.6854080306366,209.95722897350788,1496629248,1485643776,1517625344,23.754364,0.0,0.0
screen2-pull32-tight,1,0,0.0,user,True,96,32,12.92411707014804,66.40691496431828,154.51208502054214,156.27224405761808,5.859141005203128,197529600,178032640,178032640,18.762293,0.0,0.0
screen2-pull32-tight,8,0,0.0,user,True,96,32,27.07267706268531,378.23339691385627,500.2811079612002,531.571430969052,20.056172041222453,616947712,600621056,621944832,19.774564,0.0,0.0
screen2-pull32-tight,32,0,0.0,user,True,96,32,27.601521791528324,830.462533980608,3106.4168190350756,3446.802895050496,190.05660701077431,1470115840,1460269056,1490616320,19.745918,0.0,0.0
screen2-reserve8-tight,1,0,0.0,user,True,96,32,16.94438188818895,59.727580985054374,108.37783198803663,110.30885390937328,5.968414945527911,243904512,223145984,224628736,17.891504,0.0,0.0
screen2-reserve8-tight,8,0,0.0,user,True,96,32,26.584516133126648,380.8026210172102,508.72890395112336,569.4902969989926,32.739431015215814,657924096,640909312,649306112,20.123017,0.0,0.0
screen2-reserve8-tight,32,0,0.0,user,True,92,36,27.187779573509598,644.265619921498,1597.5602250546217,2087.884819949977,1316.3500759983435,738570240,724664320,731422720,19.074267,0.0,0.0
spill,1,0,0.0,user,True,128,0,1.6525842113675422,53.04409307427704,2263.805571012199,2282.7355539193377,13.80121591500938,189415424,277295104,287518720,88.441119,6400000000.0,0.0
spill,4,0,0.0,user,True,128,0,5.066545665300466,119.44246501661837,2946.104748058133,3253.3161889296025,20.909425104036927,507498496,900841472,930988032,104.348611,6400000000.0,0.0
